Simulation,Halo_ID,Inferred B/A,B/A Mean,B/A Std,Inferred C/A,C/A Mean,C/A Std,Inferred σB,σB Mean,σB Std,Inferred σC,σC Mean,σC Std
r431.romulus25.3072g1HsbBH,1,0.8271477981413725,0.8211706229102126,0.03137250919667418,0.12739132383546667,0.14009954218306528,0.05688292246266275,0.000988587622009554,0.03378771718766925,0.047191268276350284,0.001000186234652937,0.01626791914292646,0.04875852182812737
cptmarvel.cosmo25cmb.4096g5HbwK1BH,1,0.9230533616811978,0.9199354681637079,0.013248088905169052,0.33536996135415553,0.3324315763885981,0.0038177672323785996,0.02489242290949175,0.029814281323355746,0.017108722943263013,0.02375651838864012,0.021209993640175128,0.003316365471268974
cptmarvel.cosmo25cmb.4096g5HbwK1BH,2,0.9435179969374671,0.9421900097614186,0.009936962403423455,0.24465392404488184,0.24243878016787546,0.005219704790062245,0.007866491148103394,0.017655397530713716,0.01276354312129498,0.018732498925522666,0.01856487784472155,0.004910115964488717
cptmarvel.cosmo25cmb.4096g5HbwK1BH,3,0.5471170964130208,0.5507298536418159,0.015419840232338245,0.37218851907895106,0.3712482068980386,0.003538049181744584,0.05934987618119129,0.06041588982924281,0.0140641950078363,0.0068261916103323165,0.0052806362268558865,0.003066528810313075
cptmarvel.cosmo25cmb.4096g5HbwK1BH,5,0.7522381736145128,0.8100135454746833,0.0816738053392211,0.697109750430224,0.6973528625034137,0.003748698228941151,0.013009713238155043,0.020311353236821875,0.012977624149004939,0.0033785811687215557,0.005425014204988203,0.003403673167702348
cptmarvel.cosmo25cmb.4096g5HbwK1BH,6,0.8415464405235955,0.8572514825026771,0.016788911987457772,0.6670186654725527,0.667553029749082,0.0029536082609393183,0.04007233016628733,0.04125763422610007,0.016886879872658016,0.002875924311300177,0.007716896610138459,0.004368516085070691
cptmarvel.cosmo25cmb.4096g5HbwK1BH,8,0.7556660673763698,0.7624237436071968,0.00756392356759077,0.6127051564692819,0.6132522684900777,0.0034315851853070093,0.021833069748842603,0.01591425778941138,0.007493212582569112,0.004274919911966244,0.007048145008256904,0.004059658419952778
cptmarvel.cosmo25cmb.4096g5HbwK1BH,10,0.8882417275418011,0.8919388926823713,0.0044080883717966856,0.863941702723445,0.8620001269807209,0.0031138552017477956,0.007062860649327436,0.006138063797301889,0.004549319931955102,0.0030063994853389143,0.004060403574975295,0.00279902006462715
elektra.cosmo25cmb.4096g5HbwK1BH,1,0.5527964733036665,0.5496467011901839,0.028254708706851008,0.1730969345198652,0.1792411192189458,0.028085942785269498,0.07407404420786474,0.08711650617850428,0.028355005836419065,0.006509066328741155,0.009491444898018097,0.011558388200094147
elektra.cosmo25cmb.4096g5HbwK1BH,2,0.7004420130059287,0.6982357773734394,0.008468194932816617,0.5882112173459219,0.5907652487169218,0.0025962176993733696,0.038788956601101314,0.026873665666581618,0.01181074349777399,0.00461017218383795,0.006744967076773257,0.003935635708461302
elektra.cosmo25cmb.4096g5HbwK1BH,3,0.5397432609864405,0.5457488317894851,0.009047711841339099,0.2726525247706728,0.27326368600146156,0.014798188151516775,0.004823696614603011,0.019575833303944603,0.011803409014177044,0.07234856292467712,0.06441522453646804,0.013018518855783588
elektra.cosmo25cmb.4096g5HbwK1BH,4,0.4542998775922487,0.4487051236908654,0.005606138061473084,0.3584106217450322,0.36164983394490524,0.0041033172800551375,0.028011187877985226,0.022036575304309563,0.009104174801593142,0.002015727876758664,0.0067550343232132175,0.0031984958491459267
elektra.cosmo25cmb.4096g5HbwK1BH,5,0.6628796482920432,0.7503051780429455,0.11068740374932434,0.5907370072728727,0.5968032494515377,0.006724251111827524,0.007455966839896064,0.026163663727966472,0.025865347246476014,0.0033036833230193283,0.01444570755637423,0.005588548161625205
elektra.cosmo25cmb.4096g5HbwK1BH,6,0.5777788348261444,0.5892992618076608,0.01535645969998401,0.303608927379011,0.3058255452779306,0.004057635451632053,0.09760852407907111,0.1018737361331923,0.012460095317705182,0.009397015643458852,0.011697268882861442,0.005354094054976961
elektra.cosmo25cmb.4096g5HbwK1BH,9,0.7426981611064238,0.7500433081736387,0.008232587242620512,0.637346121638779,0.6405850400758846,0.0033975154358181674,0.005924839021681616,0.012820622671001525,0.01123031217947954,0.0007449355221213153,0.007296480664686297,0.003741710719228197
h229.cosmo50PLK.3072gst5HbwK1BH,2,0.9848379013244389,0.9703740135663398,0.05043408083362276,0.3540494114732232,0.35360903575473884,0.025495843793412028,0.006295907787239612,0.0135108677494732,0.02016317048251742,0.010896467428568452,0.01056510123690294,0.005281664507661573
h229.cosmo50PLK.3072gst5HbwK1BH,3,0.5599015225033401,0.5636326781298728,0.027858903472073693,0.4520466674811393,0.45169390638943496,0.00370757585995352,0.01249157447703087,0.021298610038139126,0.010636535732244204,0.005588843132106043,0.006088887635153626,0.0037312160758621524
h229.cosmo50PLK.3072gst5HbwK1BH,5,0.9646861368849992,0.941804621936553,0.06072012933477526,0.6121724073961429,0.6154947756461664,0.02314237149126345,0.026917575235956673,0.021869967240915344,0.0228713701123801,0.006720051186457155,0.006723805799382191,0.007513619457061775
h229.cosmo50PLK.3072gst5HbwK1BH,18,0.8812822721178518,0.9058514862093413,0.03701765399258249,0.8605419897682616,0.8562824554873333,0.006542069182642136,0.019451515359968516,0.021208910630589606,0.01123899459530331,0.013423687258649002,0.010038155624738688,0.004623070191648925
h242.cosmo50PLK.3072gst5HbwK1BH,8,0.8977717986423964,0.8847709961850362,0.07918047113509748,0.40934569513646535,0.43675454347848636,0.044033046334766124,0.009800580597357441,0.03077052386925521,0.04000090015189258,0.02508822776035826,0.03857682107821397,0.018430808148075715
h242.cosmo50PLK.3072gst5HbwK1BH,10,0.9497404661571004,0.913003427268945,0.09731164389913104,0.6560284024878578,0.6639805146630918,0.00951735210791242,0.025249347802137785,0.025234433637989332,0.012301707129445604,0.0012867161622536279,0.010750140604683035,0.008172230403634123
h242.cosmo50PLK.3072gst5HbwK1BH,11,0.9613443347470381,0.8991458716584145,0.10421745979036168,0.6302569249142455,0.6308371927218137,0.01073615653471379,0.021429433368235877,0.02316022786322452,0.015215979754890693,0.015885911434234946,0.019604257931950225,0.007194037915776253
h242.cosmo50PLK.3072gst5HbwK1BH,13,0.8855879786284769,0.8881555051755943,0.014121635430436624,0.7980299169984533,0.8033809209026898,0.0074908059973364804,0.01654235542829065,0.022998820797643996,0.013921168744734602,0.03567395539908345,0.034643748839051414,0.006194174777700319
h329.cosmo50PLK.3072gst5HbwK1BH,7,0.777500514987793,0.7870958755351068,0.006798355856600424,0.6161302688493691,0.6151561984452801,0.003306317108780362,0.007082021404754983,0.015154898816701507,0.008322410760275753,0.00791403563127957,0.00807081154639896,0.003913784142228671
r1023.romulus25.3072g1HsbBH,2,0.7510941325486157,0.7515907354715986,0.027137668046604214,0.587326139183681,0.5884435828954679,0.0030848356008360937,0.04798876876394976,0.051174239316348534,0.021284633479317267,0.0024301616221869588,0.006269920176571245,0.004659443252141704
r442.romulus25.3072g1HsbBH,1,0.9345755456550497,0.933442895711111,0.013424599746995365,0.22804059884881958,0.2300547962030032,0.003309786333093374,0.010601699990593707,0.02787378804021372,0.017331494156981368,0.00373729052077871,0.0110026435300397,0.004569608480275559
r468.romulus25.3072g1HsbBH,1,0.9119569480408098,0.8951532358287696,0.032995660301936944,0.7199671561157154,0.7267898261483221,0.011085184404166261,0.024527361384563094,0.033883985079429024,0.02189605086686934,0.043613886275537805,0.041791028848388964,0.005545464702147707
r488.romulus25.3072g1HsbBH,1,0.7737148272445078,0.7546783340613958,0.02602380596997287,0.4937475808871547,0.5017577813749837,0.022190315724063877,0.04143664656830958,0.060742550764086446,0.016917867522838807,0.012626544992119626,0.021274115104893226,0.01495676435279331
r489.romulus25.3072g1HsbBH,1,0.8823987907528028,0.8729647857917446,0.020141354080395312,0.19772850693123925,0.2112862851459936,0.009113686053192818,0.015920472139238938,0.032304724465216594,0.031132028375329676,0.038811758706315876,0.04881601053907472,0.007434195633699549
r492.romulus25.3072g1HsbBH,1,0.8511442932732559,0.8467331802862895,0.03965730390836392,0.15324704107686293,0.1557505747718844,0.02820339471097216,0.035401134016311474,0.03931236064058006,0.030075866703774774,0.017294154903732397,0.01857965921137534,0.014567094628555119
r502.romulus25.3072g1HsbBH,1,0.958833941213786,0.9449241752421771,0.043801504659143356,0.43638662953614016,0.43994768295438064,0.028009755693009446,0.004295301086994066,0.024302370694167453,0.025675146963928447,0.03988396129694498,0.039579913586749324,0.012349997613565285
r515.romulus25.3072g1HsbBH,1,0.8428003006080207,0.8321196270483012,0.03662054077149113,0.1243376638927096,0.1299963175148457,0.029543629945669014,0.06661437195960573,0.06955038889089285,0.0321188422251619,0.0030642786852518008,0.007879917263693019,0.02402632225320194
r523.romulus25.3072g1HsbBH,1,0.915516833855117,0.9025005043587957,0.07133943412526712,0.18395918088967256,0.197809150804178,0.05527581909406719,0.013439453004804482,0.036892338078652276,0.04421631592365357,0.01460882538118207,0.022615252666276942,0.023780075719032023
r544.romulus25.3072g1HsbBH,1,0.9750477690167165,0.9545105617881812,0.04274830682496952,0.15426113806274927,0.16131431137984462,0.032165217044649204,0.015601083367801848,0.02334982007336147,0.03878079604466661,0.006499486413276333,0.01941909232152281,0.0417185147784112
r552.romulus25.3072g1HsbBH,1,0.8786722263135769,0.8651413128243967,0.053473092818754134,0.16753239117446453,0.18305674015200626,0.053092144504331626,0.03251650846171612,0.0467118507792541,0.05098899054577963,0.019005087132559176,0.03392335862385063,0.04880123014640184
r555.romulus25.3072g1HsbBH,1,0.3704080172906494,0.3858400060174499,0.05909777195095966,0.3481901135016642,0.34404717079806907,0.005144286165587867,0.007376164839934779,0.014634178234734726,0.01304773565940862,0.009395807530038765,0.008744313808758564,0.004280033259956643
r556.romulus25.3072g1HsbBH,1,0.7346258867980721,0.7164310190822655,0.029642590070184778,0.3158349451691079,0.3161582116559064,0.021814610788968337,0.09192259163430502,0.09006470050936799,0.019383011736535442,0.0048501968023958964,0.009551254171119081,0.00814916449214631
r563.romulus25.3072g1HsbBH,1,0.394730730203456,0.387839033658768,0.021112624214830282,0.13467941456333007,0.14178844441756894,0.012963033700414127,0.09821965410259101,0.09124080115687362,0.015289409177636614,0.002308852379105904,0.011616842810094199,0.0108642961349059
r568.romulus25.3072g1HsbBH,1,0.9770682159903827,0.9438448909447709,0.07327569723602467,0.19321747992627192,0.20120308002794773,0.04517695369164807,0.00901798173928595,0.02867936417800928,0.034577687881502964,0.0057596395518739,0.016641418430704904,0.015918897151165044
r569.romulus25.3072g1HsbBH,1,0.8329727609861383,0.8362023769940211,0.04819867480706517,0.14164921498927738,0.15090501906514273,0.03828360342406667,0.10827202936589575,0.09218044100385756,0.030229900329116887,0.011266007636836241,0.02422613436633369,0.013771255374970709
r571.romulus25.3072g1HsbBH,1,0.8258611562459697,0.8237078943023034,0.008672019544300802,0.17116678632903892,0.1723494073154502,0.004146975205286956,0.004219193031861581,0.020959020917060374,0.013452542373579776,0.0076638987202476555,0.010619750109810262,0.004737564133323577
r597.romulus25.3072g1HsbBH,1,0.8664108998506366,0.8713182247481238,0.05441590124823908,0.15480520673624146,0.16312560916693908,0.043095804376318145,0.07680995596324103,0.06038999848875307,0.03006774901671742,0.008255989052494946,0.016408529825084853,0.01762612483515549
r613.romulus25.3072g1HsbBH,1,0.9267360485670408,0.9167930432248228,0.046624386973317326,0.1612455680590765,0.16899521535070997,0.047599183402469214,0.0034423329449484274,0.037711622189692186,0.04486107301996708,0.008812085691239306,0.017318340630470143,0.04007298245226524
r614.romulus25.3072g1HsbBH,1,0.8982952254662164,0.892633663396606,0.058853769135737366,0.1521201355346007,0.15681556799314186,0.03056244659171642,0.04151778289715443,0.03880738245867684,0.02790805893947026,0.01099167754561894,0.009302923750955726,0.004842799204564846
r615.romulus25.3072g1HsbBH,1,0.6324487049000461,0.6222521387794288,0.011397028619537529,0.3346730907851341,0.3473299430453934,0.010248702031619712,0.016870649170564665,0.03610540890644346,0.01394814027346913,0.03605942055498629,0.04967992580285719,0.008334608638056655
r618.romulus25.3072g1HsbBH,1,0.3674886780826797,0.37415154479532425,0.006720507014089463,0.3166824285683311,0.3239028191286334,0.005908044668260381,0.011714102917853703,0.025891237050234203,0.005913329973672486,0.0027516436320118246,0.009555045606436222,0.004286198463015606
r634.romulus25.3072g1HsbBH,1,0.74194830939208,0.7332950899444879,0.0332863665389552,0.1646807472525068,0.16853976598082573,0.02349238736139256,0.05697826612610473,0.052616926973475114,0.021126330879171092,0.0063749839338378385,0.01159061755259607,0.013377438428967046
r642.romulus25.3072g1HsbBH,1,0.9280645455104835,0.9141396395337517,0.06029905168259748,0.1652722701099982,0.1744635597402509,0.04046220447357955,0.02026566229840265,0.03883554018908679,0.0465206840403447,0.016686835330672327,0.023626283576998506,0.023900563399619556
r656.romulus25.3072g1HsbBH,1,0.9415713902619,0.9334845143191965,0.009708035199967428,0.17196430417111594,0.16861099688528405,0.005133333007027221,0.007428334998097561,0.013118450386030586,0.011921428007272842,0.020720995891911707,0.017789957622710236,0.004492269839166172
r707.romulus25.3072g1HsbBH,2,0.7007493615774586,0.6942746218522907,0.02219747581288981,0.5650092437806404,0.5676848987647596,0.003628534948565344,0.026138909721691007,0.0183940654657786,0.011726160523661575,0.0029220934727418246,0.005417839082780625,0.0035915017430740506
r716.romulus25.3072g1HsbBH,1,0.4641503135202755,0.46176775668506653,0.007983453217561361,0.335249934903126,0.33058245666967934,0.0049356691964421206,0.01367350800747056,0.02420099504618248,0.012644235494006492,0.0001967390698034057,0.008216549793845366,0.006200436312092808
r718.romulus25.3072g1HsbBH,1,0.9634274605237796,0.9446253155695822,0.04906918062528416,0.22871863132381426,0.22579819617258773,0.030527729304704678,0.012571924870511477,0.031178707801046417,0.0310276575828307,0.03993038719109829,0.04336245964085145,0.014100265161554479
r719.romulus25.3072g1HsbBH,1,0.6611148709762749,0.6500961639656568,0.03764707854097274,0.2268692651447096,0.23241106687218485,0.02890732077875341,0.11315233681989863,0.10717916916870104,0.02200565951590685,0.012399737483571913,0.013637847613276938,0.011906287441047337
r741.romulus25.3072g1HsbBH,1,0.9676977311473504,0.9256197687221573,0.05370640281058973,0.22857827765473654,0.22397229059735918,0.02887450896155975,0.0004792390977474449,0.04598216285020733,0.03940310748569079,0.053986575640441056,0.04934019214733403,0.012876412049688478
r749.romulus25.3072g1HsbBH,1,0.7600164013105648,0.7600662879840767,0.025926214410088706,0.22621057559291038,0.22752433623476354,0.04026453532469966,0.031890854313486525,0.03955662151782523,0.029192614201540668,0.014748975571841787,0.012973581800162382,0.00591394887567398
r753.romulus25.3072g1HsbBH,1,0.769225994732145,0.7722279915904147,0.01940077668221524,0.39238959171675575,0.3954355478793819,0.0052908656822343,0.05468071961319311,0.061258478100977065,0.021551966315862526,0.01650160652220571,0.020157962667724117,0.007377986294577093
r761.romulus25.3072g1HsbBH,1,0.640064079528691,0.6451972016459201,0.01902753522171105,0.20901464120670524,0.20979291377996573,0.00637043410789294,0.07923824218479802,0.09508166247634212,0.02864939150509193,0.028562236485192287,0.024768292918060795,0.006535739528958958
r850.romulus25.3072g1HsbBH,1,0.5252065403961482,0.5249109819169672,0.005282110701295809,0.4338277435568663,0.4359587566858699,0.0037120406865062453,0.029311014689484223,0.018363445515024657,0.010553586456827994,0.004666104407520106,0.007377973316686061,0.004294818036434172
r852.romulus25.3072g1HsbBH,1,0.6296070128061624,0.6379919294602036,0.015413448925365947,0.37674485470948205,0.3836120362133629,0.012134989539262007,0.03399528325922095,0.03796135635715665,0.017407104071391975,0.0035456097872459923,0.01716665264976263,0.01012007118463852
r886.romulus25.3072g1HsbBH,1,0.8767111257754103,0.8607590569028101,0.07649240457700975,0.1795925996570634,0.1883609536078332,0.035430111159087015,0.03523295872871626,0.04372159799251446,0.03798323565704713,0.02668125412211214,0.03362955638149573,0.013663240270881487
r916.romulus25.3072g1HsbBH,1,0.637629122669032,0.6693350961192215,0.03818516750741602,0.19134339708288567,0.20867937739272657,0.02572486492848461,0.06474599414665808,0.11771614040646804,0.026484957995664766,0.015879713477932655,0.035872692090016645,0.013519414006756133
r918.romulus25.3072g1HsbBH,1,0.8372201462919086,0.835635510880306,0.03299606895173232,0.40160211789025774,0.4039035933104472,0.027223086974325673,0.039367573009361834,0.03428358025957775,0.023613325393301937,0.019315943151488726,0.022548281097636173,0.014029774670013427
r968.romulus25.3072g1HsbBH,3,0.8908505684236419,0.8668446899646294,0.10191762554240835,0.4739154740793725,0.4793550642189183,0.011613907717575481,0.006627476373806801,0.021468047030357363,0.017450621222586084,0.0006872430050076199,0.009766383332730538,0.005954225360671594
r977.romulus25.3072g1HsbBH,1,0.9232333753420368,0.9171358418436019,0.02291629782092968,0.3014637206794543,0.2993363405804564,0.003871845351982533,0.03684056708620355,0.046021340220644254,0.023512297117425425,0.007028369516218217,0.00927066777413418,0.004094397694500206
rogue.cosmo25cmb.4096g5HbwK1BH,1,0.936360738211085,0.924648304215771,0.03483689664832545,0.5841730027863995,0.5879650341201774,0.020967473114163027,0.008376362053870174,0.019532180565742914,0.023985516227354585,0.0428698375718091,0.044597775807978184,0.008817158155218144
rogue.cosmo25cmb.4096g5HbwK1BH,2,0.6916607897644245,0.7019797995953859,0.03529346296280172,0.6034104965460003,0.605275632176424,0.0030019558777319394,0.026751558053022106,0.02874683877313671,0.010105953586503366,0.002584664517781482,0.003486432326359056,0.0023435185758403153
rogue.cosmo25cmb.4096g5HbwK1BH,3,0.9085853897431284,0.8993728303711472,0.012186713815504683,0.25846301719977555,0.2534986553760722,0.005362455192236796,0.014472100791616496,0.03379460025459821,0.01885336582708593,0.029370034778984665,0.02682424853205228,0.004753439470702188
rogue.cosmo25cmb.4096g5HbwK1BH,5,0.732961250550372,0.7325443325743601,0.027440842258614782,0.40435804795563846,0.40528031975404355,0.011897166865145326,0.08008477310382896,0.07158399349528323,0.024777304627672865,0.001912787910438282,0.004285027611626584,0.007995775134542362
rogue.cosmo25cmb.4096g5HbwK1BH,7,0.8947553433068389,0.8815173034460402,0.025386347940245045,0.7413296986817518,0.7500451611055768,0.012004606925146783,0.03040849882009149,0.03490308798819594,0.01258924506700102,0.010638634318592383,0.018178622551395636,0.007874811706196467
rogue.cosmo25cmb.4096g5HbwK1BH,8,0.9404362595150239,0.8807722536625437,0.09468833815963701,0.539678494111086,0.5425804487361627,0.016541594267411558,0.023383928314230685,0.044488349134984694,0.020687718591315088,0.010104552892760906,0.011751147942711307,0.008658892828517407
rogue.cosmo25cmb.4096g5HbwK1BH,9,0.5747507082205352,0.5784149481125195,0.010749974674713102,0.36801368842075693,0.3690253882212903,0.013322941264596528,0.005991528965065563,0.013960617029916913,0.011424861570229254,0.002440920393963047,0.0057684918245221,0.007591979163320071
rogue.cosmo25cmb.4096g5HbwK1BH,10,0.6522647998000108,0.6570960790162228,0.020041351551707238,0.48537911373618947,0.4863289091710493,0.0030472590009426094,0.03997087534457126,0.05222326197737377,0.0168336415532357,0.00335360465723446,0.0043688874334296265,0.0026966806929409775
rogue.cosmo25cmb.4096g5HbwK1BH,11,0.8566441413582937,0.8559813502651079,0.017698541981139806,0.37620013354834264,0.3751060056773765,0.005862197440483763,0.09062431721308284,0.04778598002619593,0.02739501777480121,0.026238193874407772,0.027405674154947678,0.004848368302692423
rogue.cosmo25cmb.4096g5HbwK1BH,12,0.7862468032462248,0.7810783799714042,0.010414372209069692,0.5639985564870775,0.5673993968556751,0.003786407807417296,0.006793375769389869,0.02064413531216569,0.016722360997916783,0.001563625948252021,0.004399192165577503,0.0030149860980872413
rogue.cosmo25cmb.4096g5HbwK1BH,14,0.69349490874863,0.701406158264588,0.02100823223489506,0.5898301307361727,0.5967224574291207,0.005447533958943176,0.0038909882580500446,0.007915617764886104,0.007743049989779009,0.010897025482653833,0.016415764537989583,0.006892646527835524
rogue.cosmo25cmb.4096g5HbwK1BH,15,0.9294088295061514,0.8927160580543633,0.07622950862526469,0.6982589901685523,0.7036701539651158,0.00497381374857676,0.010928477869187232,0.015155609382351947,0.011201482216480275,0.0027235107618789416,0.005763530176513847,0.0037188126857260876
rogue.cosmo25cmb.4096g5HbwK1BH,22,0.8185310374467795,0.8145175974298193,0.050022878348527915,0.4361932629750573,0.4470541438083535,0.027302226560001315,0.004519251695018239,0.03707886656706328,0.02274487414195689,0.016958903366966347,0.021889978355400023,0.014026083609937519
rogue.cosmo25cmb.4096g5HbwK1BH,28,0.9071400326590241,0.8872219658969122,0.06271537752189962,0.4919879756876909,0.4983480971736502,0.021625774365295506,0.037255532975274744,0.04564072289647548,0.026681258890605256,0.024652486708324813,0.02739420392371255,0.009407127951653164
rogue.cosmo25cmb.4096g5HbwK1BH,35,0.6962608087355872,0.700434823090907,0.006504061908718561,0.6048438523391495,0.6073856265743741,0.0027110864995942958,0.017072014519904886,0.015849861492228164,0.009142020609381765,0.0019923069891123212,0.003807904866461082,0.002276431256831379
storm.cosmo25cmb.4096g5HbwK1BH,1,0.827866528374456,0.8104557627541071,0.06406521289699212,0.1763316709856949,0.18445119003467852,0.034238115986738024,0.01941105336858617,0.039847416130560594,0.03738734732079835,0.03350363555784333,0.037472424268626424,0.010418583082709994
storm.cosmo25cmb.4096g5HbwK1BH,2,0.9522638979386542,0.9408884058182153,0.047299714857412745,0.3043747999231608,0.2991430355613504,0.021672352373109726,0.042214464817259156,0.03162752709802378,0.018986781328645973,0.023914623268134094,0.025872062307869977,0.01288599675341298
storm.cosmo25cmb.4096g5HbwK1BH,3,0.7755082419155438,0.7614479619609709,0.0247203067654799,0.30289529878533894,0.30613839359780853,0.004822174726743984,0.07776439680950813,0.10143718950238889,0.026710320685802487,0.0025142934033377667,0.012320919597024808,0.006654576203512848
storm.cosmo25cmb.4096g5HbwK1BH,4,0.973462432283832,0.9550874217912905,0.042172227301129434,0.32846402564199223,0.3298206300795438,0.015087704353434768,0.014603430200890295,0.02045078276048241,0.01484320208160375,0.016702388780531003,0.019589621530065562,0.007809661317125557
storm.cosmo25cmb.4096g5HbwK1BH,5,0.6287523127682857,0.6495758303236575,0.06237093506161546,0.5729410153387314,0.5730475738550581,0.004433175689696398,0.012814727182301155,0.02191558868836906,0.01774064590260119,0.0039260410655597875,0.005014539761627328,0.003102692904010426
storm.cosmo25cmb.4096g5HbwK1BH,6,0.5766528971916141,0.578353815674533,0.005775577347253766,0.47240279077593467,0.4741735777978676,0.00431209713044502,0.0082570442957722,0.015463393632838817,0.009714377184237722,0.0004487055260995994,0.007385946517541055,0.005308536929656673
storm.cosmo25cmb.4096g5HbwK1BH,7,0.9703984307712985,0.9484774569882857,0.07592108066795751,0.5456492707937874,0.547587542401154,0.018390910633359365,0.012361059306685213,0.020965468331855343,0.01844061789862003,0.002193957974263256,0.004624943702713972,0.00859828968741271
storm.cosmo25cmb.4096g5HbwK1BH,8,0.6798758411081567,0.6746764758564453,0.017305566751446375,0.401982642091652,0.39992465340854616,0.012734779655708421,0.04165254256917304,0.035824703224043936,0.019943674752336837,0.009152534142287744,0.00944501450005458,0.00630695605862247
storm.cosmo25cmb.4096g5HbwK1BH,12,0.6514829310434035,0.661535582138731,0.00663596014568668,0.5518685678756292,0.5520654393253186,0.0045191621762185295,0.007818608593468212,0.015870733147606605,0.011999556562364207,0.01664583274254306,0.012741621241138402,0.005502869258752437
storm.cosmo25cmb.4096g5HbwK1BH,14,0.9496406781027502,0.9155006910793536,0.08018827707849724,0.6236388280078496,0.6266025192963958,0.01164448467906549,0.03109793646351936,0.029521805370986448,0.014304149864349077,0.003842595889550181,0.008035878801623157,0.008890305215616045
storm.cosmo25cmb.4096g5HbwK1BH,19,0.9884973503019604,0.954191595007766,0.0735388414141438,0.6742508902882113,0.6702929190029694,0.00817248771947364,0.007987543659120008,0.014196163346688264,0.016291836388169646,0.017462191462866476,0.012320313641262447,0.006170743243113536
storm.cosmo25cmb.4096g5HbwK1BH,31,0.8944069723149829,0.8935787054419749,0.018192785598787876,0.7824556164528328,0.7858834023356756,0.009647932890996287,0.02778677178919886,0.030582434757100454,0.012756514690828502,0.01846567410395463,0.019747301221793495,0.007474550097705376
r1000.romulus25.3072g1HsbBH,1,0.7644308635272136,0.7612349091095667,0.015231989646138715,0.3089042703032953,0.3135027154845755,0.006322752796913393,0.06571333231131031,0.056459865614254645,0.027554780468258027,0.0049959589595267515,0.01457133179661754,0.007163811030175674
r1074.romulus25.3072g1HsbBH,1,0.9634358746846706,0.9462791203404749,0.05821106655889892,0.14992881114321538,0.16244956267881208,0.037837561541204434,0.00573293927000129,0.023929327581572356,0.02668506920803442,0.016277462285872183,0.026781067703491656,0.01756082018349639
r1129.romulus25.3072g1HsbBH,1,0.7671257265930291,0.7498005416943284,0.03512440748146425,0.2659284909835516,0.2671305539973126,0.01743312668764142,0.07894594444644322,0.07512633314448976,0.029326201230553194,0.009064021544053433,0.012859763093575935,0.010912657011583185
r1199.romulus25.3072g1HsbBH,1,0.91539629666247,0.9053628892332253,0.02257431065579828,0.7517844884139345,0.7550384980322989,0.006850021563044674,0.006015908596123356,0.01613753369043089,0.014354376504547578,0.006280211298408226,0.010255224683587364,0.007426726328760926
r1223.romulus25.3072g1HsbBH,1,0.652912484084459,0.6589289785687378,0.012970304386380234,0.4084817840440822,0.40968714663413563,0.006189060721669585,0.03983127374409518,0.038411906320630886,0.01839790541934762,0.019396684516052344,0.017869718513465766,0.0056522651787504164
r1412.romulus25.3072g1HsbBH,1,0.7684972574847142,0.7830331833441558,0.014708016076590768,0.23199904228645107,0.23844251990686743,0.005139233706752738,0.0516122540752239,0.05691210684691661,0.026349150392108663,0.0044962846738428545,0.013631941971648787,0.006238337297104772
r1901.romulus25.3072g1HsbBH,1,0.6958562248930455,0.7108317564026511,0.03308593082666054,0.6218674869174188,0.6164584773017805,0.0037006974157658395,0.027474653384592283,0.02461075338456333,0.00964154074141074,0.006310675019581607,0.0065151388440873375,0.0034160705256558507
r2472.romulus25.3072g1HsbBH,1,0.6117391041185024,0.6170472222983547,0.017039996685488303,0.28711283223337986,0.2899262093807161,0.007302615520015955,0.06341945160720575,0.06937168581974337,0.01762316447923215,0.002124018414453902,0.006807992063512052,0.005131944226856784
r3002.romulus25.3072g1HsbBH,3,0.9691682066015634,0.9423641599580006,0.02189264353288932,0.33917068001991,0.3328418079881618,0.007700730453995797,0.022348212184627583,0.033019244294017085,0.018794853859066398,0.023634230882670366,0.021276789181874874,0.005569429164058331
r700.romulus25.3072g1HsbBH,1,0.944535511471735,0.9294269808892456,0.04580847806564605,0.20155992749830345,0.20169454602383233,0.033221693052692194,0.0034031762340903725,0.019641789373953656,0.024825528111641074,0.030741805369333047,0.02763655004641114,0.012369709223441834
r751.romulus25.3072g1HsbBH,1,0.8950740355851784,0.8960976961449895,0.05564220325707681,0.15757425303827766,0.15717226827104283,0.06646944059985221,0.0242522553722523,0.035775722362165835,0.055998105556303836,0.05535424773471989,0.054439078091021074,0.028881203976495042
r758.romulus25.3072g1HsbBH,1,0.5266931605037088,0.6183161195783234,0.09260342865602796,0.43649138924856035,0.43298305407678717,0.010230248481105677,0.031559608500132716,0.0618222104850047,0.03767873911512237,0.02557056077275581,0.017789029649375135,0.010028694551866798
r832.romulus25.3072g1HsbBH,1,0.6156226239850906,0.6070498587525112,0.024577913839368623,0.43747081120598275,0.43977214164505074,0.0028497634942050644,0.053488470271501595,0.06399926155647959,0.017688704415742353,0.0010729344905127131,0.0066174232961383065,0.003313003556447747
r905.romulus25.3072g1HsbBH,1,0.7908664537509492,0.7910266794559578,0.05400089725677054,0.1836135225481738,0.19234462651817186,0.03305074564190279,0.036314608714398504,0.05234784213796515,0.043701206473499614,0.037725806831268326,0.041421214847704745,0.012810153395769207
r956.romulus25.3072g1HsbBH,1,0.8671063289373651,0.8300059516858106,0.04053217309321804,0.2137287147091913,0.2153036089730193,0.032697734162634155,0.013369036574931416,0.033250996267999516,0.023275268886833133,0.004890608928367558,0.007910978492284925,0.005785544139652916
